{
  "version": "3.84.31647.0",
  "course_id": "6h6QCzxv6rn",
  "title": "Drag Drop",
  "thumbnail": "story_content/thumbnail.jpg",
  "scenes": [
    {
      "title": "Untitled Scene"
    }
  ],
  "slides": [
    {
      "id": "6QUHta3x8Ts",
      "title": "Drag and Drop",
      "scene_index": "1.1"
    },
    {
      "id": "5tKsFR4jW1X",
      "title": "Course Learning Objectives",
      "scene_index": "1.2"
    },
    {
      "id": "5XrpiPfkmXH",
      "title": "Drag and Drop",
      "scene_index": "1.3"
    },
    {
      "id": "62ABd13UaWP",
      "title": "Drag and Drop",
      "scene_index": "1.4"
    },
    {
      "id": "6Wb9Q7HbVVn",
      "title": "Credits",
      "scene_index": "1.5"
    }
  ],
  "player": {
    "name": "unified",
    "width": 980,
    "height": 658
  },
  "stage": {
    "width": 720,
    "height": 540
  }
}