{
  "version": "3.84.31647.0",
  "course_id": "6POVjRSnh37",
  "title": "cloudair-Veles.story",
  "thumbnail": "story_content/thumbnail.jpg",
  "scenes": [
    {
      "title": "Cloudaire - Empathy"
    }
  ],
  "slides": [
    {
      "id": "6aYHALOgaQm",
      "title": "Home",
      "scene_index": "1.1"
    },
    {
      "id": "5cT4oOheeMP",
      "title": "Untitled Slide",
      "scene_index": "1.2"
    },
    {
      "id": "6TlqBJsu8K8",
      "title": "Untitled Slide",
      "scene_index": "1.3"
    },
    {
      "id": "6jyHLokhr5n",
      "title": "Untitled Slide",
      "scene_index": "1.4"
    },
    {
      "id": "5ZcKDugHBlW",
      "title": "Untitled Slide",
      "scene_index": "1.5"
    },
    {
      "id": "5XFVsyd4LWY",
      "title": "Untitled Slide",
      "scene_index": "1.6"
    },
    {
      "id": "5wikHEBMfUq",
      "title": "Ask Emily",
      "scene_index": "1.7"
    },
    {
      "id": "62zJEbK1k5Z",
      "title": "Untitled Slide",
      "scene_index": "1.8"
    },
    {
      "id": "6ClsWh7KXYb",
      "title": "Untitled Slide",
      "scene_index": "1.9"
    },
    {
      "id": "5Z3oAWFn3Aa",
      "title": "Untitled Slide",
      "scene_index": "1.10"
    },
    {
      "id": "5sP1Vil4tbf",
      "title": "Untitled Slide",
      "scene_index": "1.11"
    },
    {
      "id": "5dOQDG8XDIh",
      "title": "Untitled Slide",
      "scene_index": "1.12"
    },
    {
      "id": "5bnNGy9quSt",
      "title": "Untitled Slide",
      "scene_index": "1.13"
    },
    {
      "id": "68pDqlxXsyz",
      "title": "Untitled Slide",
      "scene_index": "1.14"
    },
    {
      "id": "5Zskduk6bbE",
      "title": "Untitled Slide",
      "scene_index": "1.15"
    }
  ],
  "player": {
    "name": "unified",
    "width": 1110,
    "height": 638
  },
  "stage": {
    "width": 850,
    "height": 520
  }
}