<?xml version="1.0" encoding="utf-8" ?>
<manifest identifier="Course_ID1" version="1.0" 
       xmlns="http://www.imsproject.org/xsd/imscp_rootv1p1p2"
       xmlns:adlcp="http://www.adlnet.org/xsd/adlcp_rootv1p2"
       xmlns:xsi="http://www.w3.org/2001/XMLSchema-instance"
       xsi:schemaLocation="http://www.imsproject.org/xsd/imscp_rootv1p1p2 imscp_rootv1p1p2.xsd
                           http://www.imsglobal.org/xsd/imsmd_rootv1p2p1 imsmd_rootv1p2p1.xsd
                           http://www.adlnet.org/xsd/adlcp_rootv1p2 adlcp_rootv1p2.xsd">
	<metadata>
		<schema>ADL SCORM</schema>
		<schemaversion>1.2</schemaversion>
		<adlcp:location>metadata.xml</adlcp:location> 
	</metadata>
	<organizations default="Course_ID1_ORG">
		<organization identifier="Course_ID1_ORG">
			<title>Captivate E-Learning Course</title>
			<item identifier="Course_ID1_SCO" isvisible="true" identifierref="Course_ID1_SCO_RES">
				<title>Course Object title</title>
			</item>
			<metadata>
				<schema>ADL SCORM</schema>
				<schemaversion>1.2</schemaversion>
				<adlcp:location>metadata.xml</adlcp:location> 
			</metadata>	
		</organization>
	</organizations>
	<resources>
		<resource identifier="Course_ID1_SCO_RES" type="webcontent" href="index.html" adlcp:scormtype="sco">
			
			<metadata>
				<schema>ADL SCORM</schema>
				<schemaversion>1.2</schemaversion>
				<adlcp:location>metadata.xml</adlcp:location> 
			</metadata>
			
			<file href="ar/52454.mp3"/>
		    <file href="index.html"/>
			<file href="scormdriver.js"/>
			<file href="browsersniff.js"/>
			
<file href="ar/76313.mp3"/> 
<file href="ar/76315.mp3"/> 
<file href="ar/76317.mp3"/> 
<file href="ar/76319.mp3"/> 
<file href="ar/76321.mp3"/> 
<file href="ar/76323.mp3"/> 
<file href="ar/76325.mp3"/> 
<file href="ar/76327.mp3"/> 
<file href="ar/76329.mp3"/> 
<file href="ar/76333.mp3"/> 
<file href="ar/76335.mp3"/> 
<file href="ar/76337.mp3"/> 
<file href="ar/76339.mp3"/> 
<file href="ar/76343.mp3"/> 
<file href="ar/76345.mp3"/> 
<file href="ar/76347.mp3"/> 
<file href="ar/76625.mp3"/> 
<file href="ar/76765.mp3"/> 
<file href="ar/76905.mp3"/> 
<file href="ar/76909.mp3"/> 
<file href="ar/76911.mp3"/> 
<file href="ar/76913.mp3"/> 
<file href="ar/76919.mp3"/> 
<file href="ar/76921.mp3"/> 
<file href="ar/76925.mp3"/> 
<file href="ar/76931.mp3"/> 
<file href="ar/76933.mp3"/> 
<file href="ar/76935.mp3"/> 
<file href="ar/76937.mp3"/> 
<file href="ar/76939.mp3"/> 
<file href="ar/76943.mp3"/> 
<file href="ar/76945.mp3"/> 
<file href="ar/76947.mp3"/> 
<file href="ar/76949.mp3"/> 
<file href="ar/76951.mp3"/> 
<file href="ar/76953.mp3"/> 
<file href="ar/76955.mp3"/> 
<file href="ar/76957.mp3"/> 
<file href="ar/76959.mp3"/> 
<file href="ar/76961.mp3"/> 
<file href="ar/76965.mp3"/> 
<file href="ar/76967.mp3"/> 
<file href="ar/76969.mp3"/> 
<file href="ar/76971.mp3"/> 
<file href="ar/76973.mp3"/> 
<file href="ar/76975.mp3"/> 
<file href="ar/76977.mp3"/> 
<file href="ar/77270.mp3"/> 
<file href="assets/htmlimages/Answer_checkbox_correct.png"/> 
<file href="assets/htmlimages/Answer_checkbox_incorrect.png"/> 
<file href="assets/htmlimages/Answer_radio_correct.png"/> 
<file href="assets/htmlimages/Answer_radio_incorrect.png"/> 
<file href="assets/htmlimages/Download_certificate_icon.svg"/> 
<file href="assets/htmlimages/img_trans.gif"/> 
<file href="assets/js/project.js"/> 
<file href="dist/main.chunk.js"/> 
<file href="dist/main.chunk.js.br"/> 
<file href="dist/runtime-main.bundle.js"/> 
<file href="dist/vendors-main.chunk.js"/> 
<file href="dist/vendors-main.chunk.js.LICENSE.txt"/> 
<file href="dist/vendors-main.chunk.js.br"/> 
<file href="dr/011154.png"/> 
<file href="dr/01149.png"/> 
<file href="dr/017395.png"/> 
<file href="dr/030899.png"/> 
<file href="dr/031577.png"/> 
<file href="dr/031739.png"/> 
<file href="dr/031771.png"/> 
<file href="dr/031796.png"/> 
<file href="dr/032044.png"/> 
<file href="dr/032421.png"/> 
<file href="dr/032453.png"/> 
<file href="dr/032504.svg"/> 
<file href="dr/032603.png"/> 
<file href="dr/032606.png"/> 
<file href="dr/032608.png"/> 
<file href="dr/032621.png"/> 
<file href="dr/03308.png"/> 
<file href="dr/03310.png"/> 
<file href="dr/033740.png"/> 
<file href="dr/033743.png"/> 
<file href="dr/03460.png"/> 
<file href="dr/035359.png"/> 
<file href="dr/035365.png"/> 
<file href="dr/035373.png"/> 
<file href="dr/03614.png"/> 
<file href="dr/036170.png"/> 
<file href="dr/036328.png"/> 
<file href="dr/036331.png"/> 
<file href="dr/036334.png"/> 
<file href="dr/036337.png"/> 
<file href="dr/036343.png"/> 
<file href="dr/036369.png"/> 
<file href="dr/036372.png"/> 
<file href="dr/036375.png"/> 
<file href="dr/036378.png"/> 
<file href="dr/036453.svg"/> 
<file href="dr/037270.jpeg"/> 
<file href="dr/037288.jpg"/> 
<file href="dr/037998.svg"/> 
<file href="dr/038014.svg"/> 
<file href="dr/03876.svg"/> 
<file href="dr/038838.png"/> 
<file href="dr/038840.png"/> 
<file href="dr/038842.png"/> 
<file href="dr/038844.png"/> 
<file href="dr/03898.svg"/> 
<file href="dr/042784.png"/> 
<file href="dr/043149.jpg"/> 
<file href="dr/044697.jpg"/> 
<file href="dr/044833.jpg"/> 
<file href="dr/044969.jpg"/> 
<file href="dr/045641.jpg"/> 
<file href="dr/045643.jpg"/> 
<file href="dr/045645.jpg"/> 
<file href="dr/045649.jpg"/> 
<file href="dr/045651.jpg"/> 
<file href="dr/045653.jpg"/> 
<file href="dr/04589.png"/> 
<file href="dr/045967.jpg"/> 
<file href="dr/045969.png"/> 
<file href="dr/04675.svg"/> 
<file href="dr/04688.svg"/> 
<file href="dr/0515.svg"/> 
<file href="dr/05337.png"/> 
<file href="dr/05453.svg"/> 
<file href="dr/06274.png"/> 
<file href="dr/06398.png"/> 
<file href="dr/065049.jpg"/> 
<file href="dr/06514.svg"/> 
<file href="dr/065301.jpg"/> 
<file href="dr/065307.png"/> 
<file href="dr/065851.svg"/> 
<file href="dr/066579.jpg"/> 
<file href="dr/066719.jpg"/> 
<file href="dr/066859.jpg"/> 
<file href="dr/067361.jpg"/> 
<file href="dr/067501.jpg"/> 
<file href="dr/067856.jpg"/> 
<file href="dr/067996.jpg"/> 
<file href="dr/068136.jpg"/> 
<file href="dr/068276.jpg"/> 
<file href="dr/068520.jpg"/> 
<file href="dr/0687.png"/> 
<file href="dr/068881.jpg"/> 
<file href="dr/069021.jpg"/> 
<file href="dr/069375.jpg"/> 
<file href="dr/069515.jpg"/> 
<file href="dr/07202.svg"/> 
<file href="dr/076183.png"/> 
<file href="dr/076219.png"/> 
<file href="dr/076424.png"/> 
<file href="dr/076460.png"/> 
<file href="dr/076562.png"/> 
<file href="dr/076598.png"/> 
<file href="dr/076702.png"/> 
<file href="dr/076738.png"/> 
<file href="dr/076842.png"/> 
<file href="dr/076878.png"/> 
<file href="dr/077118.jpeg"/> 
<file href="dr/09411.svg"/> 
<file href="dr/09892.png"/> 
<file href="dr/loading.gif"/> 
<file href="goodbye.html"/> 
<file href="index.html"/> 
<file href="pools/243/243.js"/> 
<file href="pools/243/dr/037998.svg"/> 
<file href="pools/243/dr/038014.svg"/> 
<file href="pools/243/dr/042784.png"/> 
<file href="project.txt"/> 
<file href="vr/Vi75858.mp4"/> 
<file href="Utilities.js"/> 
		</resource>
	</resources>
</manifest>
