﻿<?xml version="1.0" encoding="utf-8"?>
<manifest identifier="_6HyOAyzw5if" version="1.0" xmlns="http://www.imsproject.org/xsd/imscp_rootv1p1p2" xmlns:adlcp="http://www.adlnet.org/xsd/adlcp_rootv1p2" xmlns:xsi="http://www.w3.org/2001/XMLSchema-instance" xsi:schemaLocation="http://www.imsproject.org/xsd/imscp_rootv1p1p2 imscp_rootv1p1p2.xsd http://www.imsglobal.org/xsd/imsmd_rootv1p2p1 imsmd_rootv1p2p1.xsd http://www.adlnet.org/xsd/adlcp_rootv1p2 adlcp_rootv1p2.xsd">
  <metadata>
    <schema>ADL SCORM</schema>
    <schemaversion>1.2</schemaversion>
    <lom xmlns="http://www.imsglobal.org/xsd/imsmd_rootv1p2p1" xmlns:xsi="http://www.w3.org/2001/XMLSchema-instance" xsi:schemaLocation="http://www.imsglobal.org/xsd/imsmd_rootv1p2p1 imsmd_rootv1p2p1.xsd">
      <general>
        <title>
          <langstring xml:lang="x-none">Lab2</langstring>
        </title>
      </general>
      <lifecycle>
        <version>
          <langstring xml:lang="x-none">1</langstring>
        </version>
        <status>
          <source>
            <langstring xml:lang="x-none">LOMv1.0</langstring>
          </source>
          <value>
            <langstring xml:lang="x-none">Final</langstring>
          </value>
        </status>
      </lifecycle>
      <metametadata>
        <metadatascheme>ADL SCORM 1.2</metadatascheme>
      </metametadata>
      <educational>
        <typicallearningtime>
          <datetime>PT0H0M0S</datetime>
        </typicallearningtime>
      </educational>
      <rights>
        <cost>
          <source>
            <langstring xml:lang="x-none">LOMv1.0</langstring>
          </source>
          <value>
            <langstring xml:lang="x-none">yes</langstring>
          </value>
        </cost>
        <copyrightandotherrestrictions>
          <source>
            <langstring xml:lang="x-none">LOMv1.0</langstring>
          </source>
          <value>
            <langstring xml:lang="x-none">yes</langstring>
          </value>
        </copyrightandotherrestrictions>
      </rights>
    </lom>
  </metadata>
  <organizations default="Lab2_ORG">
    <organization identifier="Lab2_ORG">
      <title>Lab2</title>
      <item identifier="Lab2_SCO" isvisible="true" identifierref="__6HyOAyzw5if_RES">
        <title>Lab2</title>
        <adlcp:masteryscore>80</adlcp:masteryscore>
      </item>
    </organization>
  </organizations>
  <resources>
    <resource identifier="__6HyOAyzw5if_RES" type="webcontent" href="index_lms.html" adlcp:scormtype="sco">
      <file href="story_content/thumbnail.jpg" />
      <file href="mobile/6XC7NzBiAkW.png" />
      <file href="story_content/5rGc7sSP5uK_44100_48_0.mp3" />
      <file href="mobile/67lmVMR6RKy_P_0_0_1276_897.png" />
      <file href="story_content/6l6qra1kdeD_44100_48_0.mp3" />
      <file href="mobile/6pGBmQa6pXH.png" />
      <file href="story_content/6BZfZCZvSSc_44100_48_0.mp3" />
      <file href="story_content/6jwJUVrGNW6.html" />
      <file href="mobile/6jwJUVrGNW663COW7C8lcR{Width=560, Height=315}Dark.png" />
      <file href="mobile/6fBb7FVZfbu.png" />
      <file href="mobile/67fvrzRuTDU.jpg" />
      <file href="mobile/6Ql840C9b7v.png" />
      <file href="mobile/6G8PnygJwAy.png" />
      <file href="mobile/63YAd0IS8Gx.png" />
      <file href="meta.xml" />
      <file href="story_content/user.js" />
      <file href="html5/data/css/output.min.css" />
      <file href="html5/data/js/5dhttNaq9de.js" />
      <file href="html5/data/js/5fwuEzzks2Z.js" />
      <file href="html5/data/js/5r2SHWiXsop.js" />
      <file href="html5/data/js/5W83VGBeykg.js" />
      <file href="html5/data/js/5XiuIpROZnv.js" />
      <file href="html5/data/js/5YqFpFP1We9.js" />
      <file href="html5/data/js/6BbCC5wmkKi.js" />
      <file href="html5/data/js/6BqFbUB9eC3.js" />
      <file href="html5/data/js/6DOdTyBtUpq.js" />
      <file href="html5/data/js/6KD7X4Luarb.js" />
      <file href="html5/data/js/6M2XflfhsTx.js" />
      <file href="html5/data/js/6Ya699RTMrk.js" />
      <file href="html5/data/js/6YMadazLABJ.js" />
      <file href="html5/data/js/data.js" />
      <file href="html5/data/js/frame.js" />
      <file href="html5/data/js/paths.js" />
      <file href="html5/lib/hls/hls.min.js" />
      <file href="html5/lib/scripts/bootstrapper.min.js" />
      <file href="html5/lib/scripts/frame.desktop.min.js" />
      <file href="html5/lib/scripts/frame.mobile.min.js" />
      <file href="html5/lib/scripts/slides.min.js" />
      <file href="html5/lib/stylesheets/desktop.min.css" />
      <file href="html5/lib/stylesheets/mobile.min.css" />
      <file href="html5/lib/stylesheets/mobile-fonts/open-sans-bold.woff" />
      <file href="html5/lib/stylesheets/mobile-fonts/open-sans-light.woff" />
      <file href="html5/lib/stylesheets/mobile-fonts/open-sans-regular.woff" />
      <file href="analytics-frame.html" />
      <file href="story.html" />
      <file href="index_lms.html" />
      <file href="lms/AICCComm.html" />
      <file href="lms/blank.html" />
      <file href="lms/browsersniff.js" />
      <file href="lms/goodbye.html" />
      <file href="lms/scormdriver.js" />
    </resource>
  </resources>
</manifest>